-- MySQL Script generated by MySQL Workbench
-- 11/05/16 14:07:26
-- Model: New Model    Version: 1.0
-- MySQL Workbench Forward Engineering

SET @OLD_UNIQUE_CHECKS=@@UNIQUE_CHECKS, UNIQUE_CHECKS=0;
SET @OLD_FOREIGN_KEY_CHECKS=@@FOREIGN_KEY_CHECKS, FOREIGN_KEY_CHECKS=0;
SET @OLD_SQL_MODE=@@SQL_MODE, SQL_MODE='TRADITIONAL,ALLOW_INVALID_DATES';

-- -----------------------------------------------------
-- Schema darkpoower
-- -----------------------------------------------------

-- -----------------------------------------------------
-- Schema darkpoower
-- -----------------------------------------------------
CREATE SCHEMA IF NOT EXISTS `darkpoower` DEFAULT CHARACTER SET latin1 ;
USE `darkpoower` ;

-- -----------------------------------------------------
-- Table `darkpoower`.`Jogador`
-- -----------------------------------------------------
CREATE TABLE IF NOT EXISTS `darkpoower`.`Jogador` (
  `Id` INT NOT NULL AUTO_INCREMENT,
  `Nome` VARCHAR(60) NOT NULL,
  `Email` VARCHAR(80) NOT NULL,
  PRIMARY KEY (`Id`),
  UNIQUE INDEX `Email_UNIQUE` (`Email` ASC))
ENGINE = InnoDB;


-- -----------------------------------------------------
-- Table `darkpoower`.`PadraoPersonagem`
-- -----------------------------------------------------
CREATE TABLE IF NOT EXISTS `darkpoower`.`PadraoPersonagem` (
  `Id` INT NOT NULL AUTO_INCREMENT,
  `Nome` VARCHAR(45) NOT NULL,
  `PontosDeVida` INT NOT NULL,
  `PontosDeMana` INT NOT NULL,
  `ForcaFisica` INT NOT NULL,
  `ForcaMagica` INT NOT NULL,
  `ResistenciaFisica` INT NOT NULL,
  `ResistenciaMagica` INT NOT NULL,
  `Agilidade` INT NOT NULL,
  `Tipo` VARCHAR(20) NOT NULL,
  `AtaqueEspecial` INT NOT NULL COMMENT 'Campo salvo, mais será utilizado como porcentagem',
  PRIMARY KEY (`Id`))
ENGINE = InnoDB;


-- -----------------------------------------------------
-- Table `darkpoower`.`PadraoArma`
-- -----------------------------------------------------
CREATE TABLE IF NOT EXISTS `darkpoower`.`PadraoArma` (
  `Id` INT NOT NULL AUTO_INCREMENT,
  `Nome` VARCHAR(45) NOT NULL,
  `Dano` INT NULL,
  PRIMARY KEY (`Id`))
ENGINE = InnoDB;


-- -----------------------------------------------------
-- Table `darkpoower`.`PadraoPersonagemArma`
-- -----------------------------------------------------
CREATE TABLE IF NOT EXISTS `darkpoower`.`PadraoPersonagemArma` (
  `id` INT NOT NULL AUTO_INCREMENT,
  `PadraoPersonagem` INT NOT NULL,
  `PadraoArma` INT NOT NULL,
  PRIMARY KEY (`id`),
  INDEX `FK_PadraoPersonagemArma_PersonagemBase_idx` (`PadraoPersonagem` ASC),
  INDEX `FK_PadraoPersonagemArma_ArmaBase_idx` (`PadraoArma` ASC),
  CONSTRAINT `FK_PadraoPersonagemArma_PadraoPersonagem`
    FOREIGN KEY (`PadraoPersonagem`)
    REFERENCES `darkpoower`.`PadraoPersonagem` (`Id`)
    ON DELETE NO ACTION
    ON UPDATE NO ACTION,
  CONSTRAINT `FK_PadraoPersonagemArma_PadraoArma`
    FOREIGN KEY (`PadraoArma`)
    REFERENCES `darkpoower`.`PadraoArma` (`Id`)
    ON DELETE NO ACTION
    ON UPDATE NO ACTION)
ENGINE = InnoDB;


-- -----------------------------------------------------
-- Table `darkpoower`.`PadraoMagia`
-- -----------------------------------------------------
CREATE TABLE IF NOT EXISTS `darkpoower`.`PadraoMagia` (
  `Id` INT NOT NULL AUTO_INCREMENT,
  `Nome` VARCHAR(20) NOT NULL,
  `Dano` INT NULL,
  `Cura` INT NULL,
  `GastoDeMana` INT NOT NULL,
  `Tipo` VARCHAR(10) NOT NULL,
  PRIMARY KEY (`Id`))
ENGINE = InnoDB;


-- -----------------------------------------------------
-- Table `darkpoower`.`PadraoPersonagemMagia`
-- -----------------------------------------------------
CREATE TABLE IF NOT EXISTS `darkpoower`.`PadraoPersonagemMagia` (
  `Id` INT NOT NULL AUTO_INCREMENT,
  `PadraoPersonagem` INT NOT NULL,
  `PadraoMagia` INT NOT NULL,
  PRIMARY KEY (`Id`),
  INDEX `FK_PersonagemBaseMagiaBase_MagiaBase_idx` (`PadraoMagia` ASC),
  INDEX `FK_PersonagemBaseMagiaBase_PersonagemBase_idx` (`PadraoPersonagem` ASC),
  CONSTRAINT `FK_PadraoPersonagemMagia_PadraoMagia`
    FOREIGN KEY (`PadraoMagia`)
    REFERENCES `darkpoower`.`PadraoMagia` (`Id`)
    ON DELETE NO ACTION
    ON UPDATE NO ACTION,
  CONSTRAINT `FK_PadraoPersonagemMagia_PadraoPersonagem`
    FOREIGN KEY (`PadraoPersonagem`)
    REFERENCES `darkpoower`.`PadraoPersonagem` (`Id`)
    ON DELETE NO ACTION
    ON UPDATE NO ACTION)
ENGINE = InnoDB;


-- -----------------------------------------------------
-- Table `darkpoower`.`Personagem`
-- -----------------------------------------------------
CREATE TABLE IF NOT EXISTS `darkpoower`.`Personagem` (
  `Id` INT NOT NULL AUTO_INCREMENT,
  `Jogador` INT NOT NULL,
  `PadraoPersonagem` INT NOT NULL,
  `PontosDeVida` INT NOT NULL,
  `PontosDeMana` INT NOT NULL,
  `ForcaFisica` INT NOT NULL,
  `ForcaMagica` INT NOT NULL,
  `ResistenciaFisica` INT NOT NULL,
  `ResistenciaMagica` INT NOT NULL,
  `Agilidade` INT NULL,
  PRIMARY KEY (`Id`),
  INDEX `FK_Personagem_Jogador_idx` (`Jogador` ASC),
  INDEX `FK_Personagem_PersonagemBase_idx` (`PadraoPersonagem` ASC),
  CONSTRAINT `FK_Personagem_Jogador`
    FOREIGN KEY (`Jogador`)
    REFERENCES `darkpoower`.`Jogador` (`Id`)
    ON DELETE NO ACTION
    ON UPDATE NO ACTION,
  CONSTRAINT `FK_Personagem_PadraoPersonagem`
    FOREIGN KEY (`PadraoPersonagem`)
    REFERENCES `darkpoower`.`PadraoPersonagem` (`Id`)
    ON DELETE NO ACTION
    ON UPDATE NO ACTION)
ENGINE = InnoDB;


-- -----------------------------------------------------
-- Table `darkpoower`.`PersonagemMagia`
-- -----------------------------------------------------
CREATE TABLE IF NOT EXISTS `darkpoower`.`PersonagemMagia` (
  `Id` INT NOT NULL AUTO_INCREMENT,
  `Personagem` INT NOT NULL,
  `PadraoMagia` INT NOT NULL,
  `Dano` INT NULL,
  `Cura` INT NULL,
  PRIMARY KEY (`Id`),
  INDEX `FK_MagiaPersonagem_Personagem_idx` (`Personagem` ASC),
  INDEX `FK_MagiaPersonagem_MagiaBase_idx` (`PadraoMagia` ASC),
  CONSTRAINT `FK_PersonagemMagia_Personagem`
    FOREIGN KEY (`Personagem`)
    REFERENCES `darkpoower`.`Personagem` (`Id`)
    ON DELETE NO ACTION
    ON UPDATE NO ACTION,
  CONSTRAINT `FK_PersonagemMagia_PadraoMagia`
    FOREIGN KEY (`PadraoMagia`)
    REFERENCES `darkpoower`.`PadraoMagia` (`Id`)
    ON DELETE NO ACTION
    ON UPDATE NO ACTION)
ENGINE = InnoDB;


-- -----------------------------------------------------
-- Table `darkpoower`.`PersonagemArma`
-- -----------------------------------------------------
CREATE TABLE IF NOT EXISTS `darkpoower`.`PersonagemArma` (
  `Id` INT NOT NULL AUTO_INCREMENT,
  `Personagem` INT NOT NULL,
  `PadraoArma` INT NOT NULL,
  `Dano` INT NOT NULL,
  PRIMARY KEY (`Id`),
  INDEX `FK_ArmaPersonagem_Personagem_idx` (`Personagem` ASC),
  INDEX `FK_ArmaPersonagem_ArmaBase_idx` (`PadraoArma` ASC),
  CONSTRAINT `FK_PersonagemArma_Personagem`
    FOREIGN KEY (`Personagem`)
    REFERENCES `darkpoower`.`Personagem` (`Id`)
    ON DELETE NO ACTION
    ON UPDATE NO ACTION,
  CONSTRAINT `FK_PersonagemArma_PadraoArma`
    FOREIGN KEY (`PadraoArma`)
    REFERENCES `darkpoower`.`PadraoArma` (`Id`)
    ON DELETE NO ACTION
    ON UPDATE NO ACTION)
ENGINE = InnoDB;


-- -----------------------------------------------------
-- Table `darkpoower`.`Partida`
-- -----------------------------------------------------
CREATE TABLE IF NOT EXISTS `darkpoower`.`Partida` (
  `Id` INT NOT NULL AUTO_INCREMENT,
  `GastoMana` INT NOT NULL DEFAULT 10,
  PRIMARY KEY (`Id`))
ENGINE = InnoDB;

-- -----------------------------------------------------
-- Table `darkpoower`.`PartidaJogador`
-- -----------------------------------------------------
CREATE TABLE IF NOT EXISTS `darkpoower`.`PartidaJogador` (
  `Id` INT NOT NULL AUTO_INCREMENT,
  `Partida` INT NOT NULL,
  `Jogador` INT NOT NULL,
  PRIMARY KEY (`Id`),
  INDEX `FK_PartidaJogador_Partida_idx` (`Partida` ASC),
  INDEX `FK_PartidaJogador_Jogador_idx` (`Jogador` ASC),
  CONSTRAINT `FK_PartidaJogador_Partida`
    FOREIGN KEY (`Partida`)
    REFERENCES `darkpoower`.`Partida` (`Id`)
    ON DELETE NO ACTION
    ON UPDATE NO ACTION,
  CONSTRAINT `FK_PartidaJogador_Jogador`
    FOREIGN KEY (`Jogador`)
    REFERENCES `darkpoower`.`Jogador` (`Id`)
    ON DELETE NO ACTION
    ON UPDATE NO ACTION)
ENGINE = InnoDB;


-- -----------------------------------------------------
-- Table `darkpoower`.`PartidaJogadorPersonagem`
-- -----------------------------------------------------
CREATE TABLE IF NOT EXISTS `darkpoower`.`PartidaJogadorPersonagem` (
  `Id` INT NOT NULL AUTO_INCREMENT,
  `PartidaJogador` INT NOT NULL,
  `Personagem` INT NOT NULL,
  PRIMARY KEY (`Id`),
  INDEX `FK_PartidaJogadorPersonagem_Personagem_idx` (`Personagem` ASC),
  INDEX `FK_PartidaJogadorPersonagem_PartidaJogador_idx` (`PartidaJogador` ASC),
  CONSTRAINT `FK_PartidaJogadorPersonagem_PartidaJogador`
    FOREIGN KEY (`PartidaJogador`)
    REFERENCES `darkpoower`.`PartidaJogador` (`Id`)
    ON DELETE NO ACTION
    ON UPDATE NO ACTION,
  CONSTRAINT `FK_PartidaJogadorPersonagem_Personagem`
    FOREIGN KEY (`Personagem`)
    REFERENCES `darkpoower`.`Personagem` (`Id`)
    ON DELETE NO ACTION
    ON UPDATE NO ACTION)
ENGINE = InnoDB;


SET SQL_MODE=@OLD_SQL_MODE;
SET FOREIGN_KEY_CHECKS=@OLD_FOREIGN_KEY_CHECKS;
SET UNIQUE_CHECKS=@OLD_UNIQUE_CHECKS;

-- -----------------------------------------------------
-- Data for table `darkpoower`.`PadraoPersonagem`
-- -----------------------------------------------------
START TRANSACTION;
USE `darkpoower`;
INSERT INTO `darkpoower`.`PadraoPersonagem` (`Id`, `Nome`, `PontosDeVida`, `PontosDeMana`, `ForcaFisica`, `ForcaMagica`, `ResistenciaFisica`, `ResistenciaMagica`, `Agilidade`, `Tipo`, `AtaqueEspecial`) VALUES (1, 'Guerreiro', 4000, 30, 100, 20, 80, 20, 50, 'humano', 45);
INSERT INTO `darkpoower`.`PadraoPersonagem` (`Id`, `Nome`, `PontosDeVida`, `PontosDeMana`, `ForcaFisica`, `ForcaMagica`, `ResistenciaFisica`, `ResistenciaMagica`, `Agilidade`, `Tipo`, `AtaqueEspecial`) VALUES (2, 'Ladrão', 2800, 50, 50, 30, 40, 50, 100, 'humano', 30);
INSERT INTO `darkpoower`.`PadraoPersonagem` (`Id`, `Nome`, `PontosDeVida`, `PontosDeMana`, `ForcaFisica`, `ForcaMagica`, `ResistenciaFisica`, `ResistenciaMagica`, `Agilidade`, `Tipo`, `AtaqueEspecial`) VALUES (3, 'Mago', 2500, 100, 40, 100, 30, 100, 40, 'humano', 50);
INSERT INTO `darkpoower`.`PadraoPersonagem` (`Id`, `Nome`, `PontosDeVida`, `PontosDeMana`, `ForcaFisica`, `ForcaMagica`, `ResistenciaFisica`, `ResistenciaMagica`, `Agilidade`, `Tipo`, `AtaqueEspecial`) VALUES (4, 'Paladino', 3200, 80, 60, 60, 60, 60, 60, 'humano', 40);
INSERT INTO `darkpoower`.`PadraoPersonagem` (`Id`, `Nome`, `PontosDeVida`, `PontosDeMana`, `ForcaFisica`, `ForcaMagica`, `ResistenciaFisica`, `ResistenciaMagica`, `Agilidade`, `Tipo`, `AtaqueEspecial`) VALUES (5, 'Animal', 3200, 30, 80, 20, 90, 20, 50, 'inumano', 30);
INSERT INTO `darkpoower`.`PadraoPersonagem` (`Id`, `Nome`, `PontosDeVida`, `PontosDeMana`, `ForcaFisica`, `ForcaMagica`, `ResistenciaFisica`, `ResistenciaMagica`, `Agilidade`, `Tipo`, `AtaqueEspecial`) VALUES (6, 'Troll', 2800, 20, 100, 20, 100, 20, 20, 'inumano', 35);
INSERT INTO `darkpoower`.`PadraoPersonagem` (`Id`, `Nome`, `PontosDeVida`, `PontosDeMana`, `ForcaFisica`, `ForcaMagica`, `ResistenciaFisica`, `ResistenciaMagica`, `Agilidade`, `Tipo`, `AtaqueEspecial`) VALUES (7, 'Dragão', 3000, 40, 100, 20, 100, 50, 80, 'inumano', 60);
INSERT INTO `darkpoower`.`PadraoPersonagem` (`Id`, `Nome`, `PontosDeVida`, `PontosDeMana`, `ForcaFisica`, `ForcaMagica`, `ResistenciaFisica`, `ResistenciaMagica`, `Agilidade`, `Tipo`, `AtaqueEspecial`) VALUES (8, 'Zumbi', 2500, 20, 40, 20, 80, 90, 20, 'inumano', 10);

COMMIT;


-- -----------------------------------------------------
-- Data for table `darkpoower`.`PadraoArma`
-- -----------------------------------------------------
START TRANSACTION;
USE `darkpoower`;
INSERT INTO `darkpoower`.`PadraoArma` (`Id`, `Nome`, `Dano`) VALUES (1, 'Cajado', 100);
INSERT INTO `darkpoower`.`PadraoArma` (`Id`, `Nome`, `Dano`) VALUES (2, 'Garra Letal', 200);
INSERT INTO `darkpoower`.`PadraoArma` (`Id`, `Nome`, `Dano`) VALUES (3, 'Porrete', 280);
INSERT INTO `darkpoower`.`PadraoArma` (`Id`, `Nome`, `Dano`) VALUES (4, 'Esfera de Ataque', 300);
INSERT INTO `darkpoower`.`PadraoArma` (`Id`, `Nome`, `Dano`) VALUES (5, 'Tridente Sagrado', 320);
INSERT INTO `darkpoower`.`PadraoArma` (`Id`, `Nome`, `Dano`) VALUES (6, 'Besta', 320);
INSERT INTO `darkpoower`.`PadraoArma` (`Id`, `Nome`, `Dano`) VALUES (7, 'Espada Barroca', 400);

COMMIT;

-- -----------------------------------------------------
-- Data for table `darkpoower`.`PadraoPersonagemArma`
-- -----------------------------------------------------
START TRANSACTION;
USE `darkpoower`;
INSERT INTO `darkpoower`.`PadraoPersonagemArma` (`id`, `PadraoPersonagem`, `PadraoArma`) VALUES (1, 2, 1);
INSERT INTO `darkpoower`.`PadraoPersonagemArma` (`id`, `PadraoPersonagem`, `PadraoArma`) VALUES (2, 3, 1);
INSERT INTO `darkpoower`.`PadraoPersonagemArma` (`id`, `PadraoPersonagem`, `PadraoArma`) VALUES (3, 6, 1);
INSERT INTO `darkpoower`.`PadraoPersonagemArma` (`id`, `PadraoPersonagem`, `PadraoArma`) VALUES (4, 8, 1);
INSERT INTO `darkpoower`.`PadraoPersonagemArma` (`id`, `PadraoPersonagem`, `PadraoArma`) VALUES (5, 5, 2);
INSERT INTO `darkpoower`.`PadraoPersonagemArma` (`id`, `PadraoPersonagem`, `PadraoArma`) VALUES (6, 7, 2);
INSERT INTO `darkpoower`.`PadraoPersonagemArma` (`id`, `PadraoPersonagem`, `PadraoArma`) VALUES (7, 8, 2);
INSERT INTO `darkpoower`.`PadraoPersonagemArma` (`id`, `PadraoPersonagem`, `PadraoArma`) VALUES (8, 1, 3);
INSERT INTO `darkpoower`.`PadraoPersonagemArma` (`id`, `PadraoPersonagem`, `PadraoArma`) VALUES (9, 2, 3);
INSERT INTO `darkpoower`.`PadraoPersonagemArma` (`id`, `PadraoPersonagem`, `PadraoArma`) VALUES (10, 6, 3);
INSERT INTO `darkpoower`.`PadraoPersonagemArma` (`id`, `PadraoPersonagem`, `PadraoArma`) VALUES (11, 8, 3);
INSERT INTO `darkpoower`.`PadraoPersonagemArma` (`id`, `PadraoPersonagem`, `PadraoArma`) VALUES (12, 2, 4);
INSERT INTO `darkpoower`.`PadraoPersonagemArma` (`id`, `PadraoPersonagem`, `PadraoArma`) VALUES (13, 3, 5);
INSERT INTO `darkpoower`.`PadraoPersonagemArma` (`id`, `PadraoPersonagem`, `PadraoArma`) VALUES (14, 4, 5);
INSERT INTO `darkpoower`.`PadraoPersonagemArma` (`id`, `PadraoPersonagem`, `PadraoArma`) VALUES (15, 2, 6);
INSERT INTO `darkpoower`.`PadraoPersonagemArma` (`id`, `PadraoPersonagem`, `PadraoArma`) VALUES (16, 4, 6);
INSERT INTO `darkpoower`.`PadraoPersonagemArma` (`id`, `PadraoPersonagem`, `PadraoArma`) VALUES (17, 1, 7);


COMMIT;


-- -----------------------------------------------------
-- Data for table `darkpoower`.`PadraoMagia`
-- -----------------------------------------------------
START TRANSACTION;
USE `darkpoower`;
INSERT INTO `darkpoower`.`PadraoMagia` (`Id`, `Nome`, `Dano`, `Cura`, `GastoDeMana`, `Tipo`) VALUES (1, 'Poção de Vida', NULL, 200, 12, 'cura');
INSERT INTO `darkpoower`.`PadraoMagia` (`Id`, `Nome`, `Dano`, `Cura`, `GastoDeMana`, `Tipo`) VALUES (2, 'Tempestade', 200, NULL, 12, 'dano');
INSERT INTO `darkpoower`.`PadraoMagia` (`Id`, `Nome`, `Dano`, `Cura`, `GastoDeMana`, `Tipo`) VALUES (3, 'Envenenamento', 280, NULL, 12, 'dano');
INSERT INTO `darkpoower`.`PadraoMagia` (`Id`, `Nome`, `Dano`, `Cura`, `GastoDeMana`, `Tipo`) VALUES (4, 'Flama Gelada', 320, NULL, 14, 'dano');
INSERT INTO `darkpoower`.`PadraoMagia` (`Id`, `Nome`, `Dano`, `Cura`, `GastoDeMana`, `Tipo`) VALUES (5, 'Bio Antraz', 360, NULL, 14, 'dano');
INSERT INTO `darkpoower`.`PadraoMagia` (`Id`, `Nome`, `Dano`, `Cura`, `GastoDeMana`, `Tipo`) VALUES (6, 'Hálito de Fogo', 400, NULL, 12, 'dano');
INSERT INTO `darkpoower`.`PadraoMagia` (`Id`, `Nome`, `Dano`, `Cura`, `GastoDeMana`, `Tipo`) VALUES (7, 'Cura', NULL, 400, 16, 'cura');

COMMIT;


-- -----------------------------------------------------
-- Data for table `darkpoower`.`PadraoPersonagemMagia`
-- -----------------------------------------------------
START TRANSACTION;
USE `darkpoower`;
INSERT INTO `darkpoower`.`PadraoPersonagemMagia` (`Id`, `PadraoPersonagem`, `PadraoMagia`) VALUES (1, 3, 1);
INSERT INTO `darkpoower`.`PadraoPersonagemMagia` (`Id`, `PadraoPersonagem`, `PadraoMagia`) VALUES (2, 4, 1);
INSERT INTO `darkpoower`.`PadraoPersonagemMagia` (`Id`, `PadraoPersonagem`, `PadraoMagia`) VALUES (3, 1, 2);
INSERT INTO `darkpoower`.`PadraoPersonagemMagia` (`Id`, `PadraoPersonagem`, `PadraoMagia`) VALUES (4, 2, 2);
INSERT INTO `darkpoower`.`PadraoPersonagemMagia` (`Id`, `PadraoPersonagem`, `PadraoMagia`) VALUES (5, 3, 2);
INSERT INTO `darkpoower`.`PadraoPersonagemMagia` (`Id`, `PadraoPersonagem`, `PadraoMagia`) VALUES (6, 4, 2);
INSERT INTO `darkpoower`.`PadraoPersonagemMagia` (`Id`, `PadraoPersonagem`, `PadraoMagia`) VALUES (7, 2, 3);
INSERT INTO `darkpoower`.`PadraoPersonagemMagia` (`Id`, `PadraoPersonagem`, `PadraoMagia`) VALUES (8, 3, 3);
INSERT INTO `darkpoower`.`PadraoPersonagemMagia` (`Id`, `PadraoPersonagem`, `PadraoMagia`) VALUES (9, 6, 3);
INSERT INTO `darkpoower`.`PadraoPersonagemMagia` (`Id`, `PadraoPersonagem`, `PadraoMagia`) VALUES (10, 8, 3);
INSERT INTO `darkpoower`.`PadraoPersonagemMagia` (`Id`, `PadraoPersonagem`, `PadraoMagia`) VALUES (11, 3, 4);
INSERT INTO `darkpoower`.`PadraoPersonagemMagia` (`Id`, `PadraoPersonagem`, `PadraoMagia`) VALUES (12, 4, 4);
INSERT INTO `darkpoower`.`PadraoPersonagemMagia` (`Id`, `PadraoPersonagem`, `PadraoMagia`) VALUES (13, 3, 5);
INSERT INTO `darkpoower`.`PadraoPersonagemMagia` (`Id`, `PadraoPersonagem`, `PadraoMagia`) VALUES (14, 5, 5);
INSERT INTO `darkpoower`.`PadraoPersonagemMagia` (`Id`, `PadraoPersonagem`, `PadraoMagia`) VALUES (15, 7, 6);
INSERT INTO `darkpoower`.`PadraoPersonagemMagia` (`Id`, `PadraoPersonagem`, `PadraoMagia`) VALUES (16, 3, 7);

COMMIT;

